phase,rate,rep,n,ok,duration_s,tps,mean_ms,p50_ms,p95_ms,p99_ms,host_cpu_pct
create,10,1,200,200,19.9,10.04,79.6,118.0,120.1,122.6,8
read,10,1,200,200,19.9,10.05,5.8,5.8,6.2,6.9,2
create,25,1,500,500,20.0,24.95,79.1,78.8,119.7,123.1,17
read,25,1,500,500,20.0,25.04,5.4,5.4,5.8,6.1,5
create,50,1,1000,1000,20.0,49.95,72.9,79.3,122.7,124.6,30
read,50,1,1000,1000,20.0,50.04,4.8,4.7,5.4,5.8,9
create,100,1,2000,2000,20.1,99.58,85.1,86.0,134.5,141.1,59
read,100,1,2000,2000,20.0,100.03,4.4,4.3,5.0,5.6,16
create,10,2,200,200,20.0,9.99,79.7,116.9,118.8,120.8,7
read,10,2,200,200,19.9,10.05,5.2,5.2,5.6,5.8,2
create,25,2,500,500,20.0,24.95,78.5,78.4,119.0,121.0,16
read,25,2,500,500,20.0,25.04,5.0,5.0,5.4,6.3,5
create,50,2,1000,1000,20.1,49.81,72.4,78.7,121.3,124.0,30
read,50,2,1000,1000,20.0,50.04,4.6,4.6,5.2,5.6,8
create,100,2,2000,2000,20.1,99.69,85.4,86.1,135.9,142.3,58
read,100,2,2000,2000,20.0,100.03,4.2,4.2,4.9,5.5,16
create,10,3,200,200,20.0,9.99,81.2,116.8,118.6,119.7,7
read,10,3,200,200,19.9,10.05,5.2,5.2,5.5,5.9,2
create,25,3,500,500,20.0,24.95,78.5,78.3,119.1,122.3,16
read,25,3,500,500,20.0,25.04,5.0,5.1,5.5,5.9,5
create,50,3,1000,1000,20.0,49.90,73.4,79.1,122.8,124.8,30
read,50,3,1000,1000,20.0,50.04,4.7,4.7,5.3,5.6,9
create,100,3,2000,2000,20.0,99.83,85.8,86.4,136.2,141.4,59
read,100,3,2000,2000,20.0,100.04,4.2,4.2,4.7,5.2,16
