block,clients,container,cpu_pct_mean,mem_mib_mean,n
10,10,couchdb0,0.276,68.81,5
10,10,couchdb1,0.23399999999999999,71.404,5
10,10,dev-peer0.org1.example.com-ehr_1.0-deae7ca8944c151cc2dfb4b24fb9388248ac4091e62000eb277a853c147e8ff5,0.0,8.5612,5
10,10,dev-peer0.org2.example.com-ehr_1.0-deae7ca8944c151cc2dfb4b24fb9388248ac4091e62000eb277a853c147e8ff5,0.0,8.5326,5
10,10,orderer.example.com,0.034,34.58,5
10,10,peer0.org1.example.com,0.8260000000000001,85.712,5
10,10,peer0.org2.example.com,0.87,80.272,5
10,50,couchdb0,0.254,79.182,5
10,50,couchdb1,0.24200000000000002,79.724,5
10,50,dev-peer0.org1.example.com-ehr_1.0-deae7ca8944c151cc2dfb4b24fb9388248ac4091e62000eb277a853c147e8ff5,0.0,8.6704,5
10,50,dev-peer0.org2.example.com-ehr_1.0-deae7ca8944c151cc2dfb4b24fb9388248ac4091e62000eb277a853c147e8ff5,0.0,8.7596,5
10,50,orderer.example.com,0.036,34.76,5
10,50,peer0.org1.example.com,0.718,104.348,5
10,50,peer0.org2.example.com,0.746,96.816,5
10,100,couchdb0,0.262,83.254,5
10,100,couchdb1,0.296,85.188,5
10,100,dev-peer0.org1.example.com-ehr_1.0-deae7ca8944c151cc2dfb4b24fb9388248ac4091e62000eb277a853c147e8ff5,0.0,8.6546,5
10,100,dev-peer0.org2.example.com-ehr_1.0-deae7ca8944c151cc2dfb4b24fb9388248ac4091e62000eb277a853c147e8ff5,0.0,8.761000000000001,5
10,100,orderer.example.com,0.034,58.084,5
10,100,peer0.org1.example.com,0.77,121.04,5
10,100,peer0.org2.example.com,1.004,111.86,5
10,200,couchdb0,0.28400000000000003,87.332,5
10,200,couchdb1,0.17400000000000002,88.592,5
10,200,dev-peer0.org1.example.com-ehr_1.0-deae7ca8944c151cc2dfb4b24fb9388248ac4091e62000eb277a853c147e8ff5,0.0,8.6594,5
10,200,dev-peer0.org2.example.com-ehr_1.0-deae7ca8944c151cc2dfb4b24fb9388248ac4091e62000eb277a853c147e8ff5,0.0,8.7532,5
10,200,orderer.example.com,0.036,46.976,5
10,200,peer0.org1.example.com,0.806,136.24,5
10,200,peer0.org2.example.com,0.7939999999999999,128.58,5
50,10,couchdb0,0.396,69.78,5
50,10,couchdb1,0.254,70.66,5
50,10,dev-peer0.org1.example.com-ehr_1.0-deae7ca8944c151cc2dfb4b24fb9388248ac4091e62000eb277a853c147e8ff5,0.0,8.618,5
50,10,dev-peer0.org2.example.com-ehr_1.0-deae7ca8944c151cc2dfb4b24fb9388248ac4091e62000eb277a853c147e8ff5,0.0,8.6304,5
50,10,orderer.example.com,0.05,33.525999999999996,5
50,10,peer0.org1.example.com,1.648,85.066,5
50,10,peer0.org2.example.com,1.526,80.594,5
50,50,couchdb0,0.288,75.28,5
50,50,couchdb1,0.318,75.08,5
50,50,dev-peer0.org1.example.com-ehr_1.0-deae7ca8944c151cc2dfb4b24fb9388248ac4091e62000eb277a853c147e8ff5,0.0,8.5874,5
50,50,dev-peer0.org2.example.com-ehr_1.0-deae7ca8944c151cc2dfb4b24fb9388248ac4091e62000eb277a853c147e8ff5,0.0,8.6226,5
50,50,orderer.example.com,0.032,39.974000000000004,5
50,50,peer0.org1.example.com,0.712,92.792,5
50,50,peer0.org2.example.com,0.8160000000000001,86.662,5
50,100,couchdb0,0.236,77.178,5
50,100,couchdb1,0.23399999999999999,76.35,5
50,100,dev-peer0.org1.example.com-ehr_1.0-deae7ca8944c151cc2dfb4b24fb9388248ac4091e62000eb277a853c147e8ff5,0.0,8.679,5
50,100,dev-peer0.org2.example.com-ehr_1.0-deae7ca8944c151cc2dfb4b24fb9388248ac4091e62000eb277a853c147e8ff5,0.0,8.6586,5
50,100,orderer.example.com,0.034,47.3,5
50,100,peer0.org1.example.com,0.83,107.02,5
50,100,peer0.org2.example.com,0.86,101.05199999999999,5
50,200,couchdb0,0.29,78.292,5
50,200,couchdb1,0.28200000000000003,79.074,5
50,200,dev-peer0.org1.example.com-ehr_1.0-deae7ca8944c151cc2dfb4b24fb9388248ac4091e62000eb277a853c147e8ff5,0.0,8.7358,5
50,200,dev-peer0.org2.example.com-ehr_1.0-deae7ca8944c151cc2dfb4b24fb9388248ac4091e62000eb277a853c147e8ff5,0.0,8.6456,5
50,200,orderer.example.com,0.028,55.006,5
50,200,peer0.org1.example.com,1.014,124.25999999999999,5
50,200,peer0.org2.example.com,0.836,118.02,5
100,10,couchdb0,0.266,72.02,5
100,10,couchdb1,0.268,71.56,5
100,10,dev-peer0.org1.example.com-ehr_1.0-deae7ca8944c151cc2dfb4b24fb9388248ac4091e62000eb277a853c147e8ff5,0.0,8.572,5
100,10,dev-peer0.org2.example.com-ehr_1.0-deae7ca8944c151cc2dfb4b24fb9388248ac4091e62000eb277a853c147e8ff5,0.0,8.4648,5
100,10,orderer.example.com,0.022,33.85,5
100,10,peer0.org1.example.com,0.362,89.522,5
100,10,peer0.org2.example.com,0.344,80.07000000000001,5
100,50,couchdb0,0.238,76.664,5
100,50,couchdb1,0.274,76.066,5
100,50,dev-peer0.org1.example.com-ehr_1.0-deae7ca8944c151cc2dfb4b24fb9388248ac4091e62000eb277a853c147e8ff5,0.0,8.6322,5
100,50,dev-peer0.org2.example.com-ehr_1.0-deae7ca8944c151cc2dfb4b24fb9388248ac4091e62000eb277a853c147e8ff5,0.0,8.5484,5
100,50,orderer.example.com,0.034,39.224000000000004,5
100,50,peer0.org1.example.com,0.316,96.074,5
100,50,peer0.org2.example.com,0.34600000000000003,85.026,5
100,100,couchdb0,0.26,78.272,5
100,100,couchdb1,0.23600000000000002,76.696,5
100,100,dev-peer0.org1.example.com-ehr_1.0-deae7ca8944c151cc2dfb4b24fb9388248ac4091e62000eb277a853c147e8ff5,0.0,8.6618,5
100,100,dev-peer0.org2.example.com-ehr_1.0-deae7ca8944c151cc2dfb4b24fb9388248ac4091e62000eb277a853c147e8ff5,0.0,8.5828,5
100,100,orderer.example.com,0.028,46.504,5
100,100,peer0.org1.example.com,0.29400000000000004,109.16,5
100,100,peer0.org2.example.com,0.318,95.756,5
100,200,couchdb0,0.208,79.628,5
100,200,couchdb1,0.2,78.17999999999999,5
100,200,dev-peer0.org1.example.com-ehr_1.0-deae7ca8944c151cc2dfb4b24fb9388248ac4091e62000eb277a853c147e8ff5,0.0,8.6304,5
100,200,dev-peer0.org2.example.com-ehr_1.0-deae7ca8944c151cc2dfb4b24fb9388248ac4091e62000eb277a853c147e8ff5,0.0,8.6944,5
100,200,orderer.example.com,0.044,55.504,5
100,200,peer0.org1.example.com,0.5599999999999999,124.02,5
100,200,peer0.org2.example.com,0.476,109.04,5
250,10,couchdb0,0.26,71.166,5
250,10,couchdb1,0.216,69.166,5
250,10,dev-peer0.org1.example.com-ehr_1.0-deae7ca8944c151cc2dfb4b24fb9388248ac4091e62000eb277a853c147e8ff5,0.0,8.6046,5
250,10,dev-peer0.org2.example.com-ehr_1.0-deae7ca8944c151cc2dfb4b24fb9388248ac4091e62000eb277a853c147e8ff5,0.0,8.6232,5
250,10,orderer.example.com,0.03,32.788,5
250,10,peer0.org1.example.com,0.532,85.736,5
250,10,peer0.org2.example.com,0.578,80.344,5
250,50,couchdb0,0.218,76.762,5
250,50,couchdb1,0.312,74.186,5
250,50,dev-peer0.org1.example.com-ehr_1.0-deae7ca8944c151cc2dfb4b24fb9388248ac4091e62000eb277a853c147e8ff5,0.0,8.668,5
250,50,dev-peer0.org2.example.com-ehr_1.0-deae7ca8944c151cc2dfb4b24fb9388248ac4091e62000eb277a853c147e8ff5,0.0,8.705599999999999,5
250,50,orderer.example.com,0.03,44.672,5
250,50,peer0.org1.example.com,0.588,92.576,5
250,50,peer0.org2.example.com,0.642,86.336,5
250,100,couchdb0,0.194,78.18,5
250,100,couchdb1,0.278,77.326,5
250,100,dev-peer0.org1.example.com-ehr_1.0-deae7ca8944c151cc2dfb4b24fb9388248ac4091e62000eb277a853c147e8ff5,0.0,8.6092,5
250,100,dev-peer0.org2.example.com-ehr_1.0-deae7ca8944c151cc2dfb4b24fb9388248ac4091e62000eb277a853c147e8ff5,0.0,8.7484,5
250,100,orderer.example.com,0.036,51.706,5
250,100,peer0.org1.example.com,0.728,105.92,5
250,100,peer0.org2.example.com,0.692,96.294,5
250,200,couchdb0,0.298,78.972,5
250,200,couchdb1,0.266,78.96,5
250,200,dev-peer0.org1.example.com-ehr_1.0-deae7ca8944c151cc2dfb4b24fb9388248ac4091e62000eb277a853c147e8ff5,0.0,8.667,5
250,200,dev-peer0.org2.example.com-ehr_1.0-deae7ca8944c151cc2dfb4b24fb9388248ac4091e62000eb277a853c147e8ff5,0.0,8.746,5
250,200,orderer.example.com,0.038,54.46,5
250,200,peer0.org1.example.com,0.61,121.28,5
250,200,peer0.org2.example.com,0.648,112.8,5
