block,clients,rep,op,total,success,fail,success_pct,tps,lat_mean,lat_p50,lat_p95,lat_p99
10,10,1,write,505,505,0,100.0,8.414002232626336,459.87722772277226,518.0,549.0,556.96
10,10,1,read,34810,34810,0,100.0,584.0016105761165,6.524906636024131,6.0,9.0,14.0
10,10,2,write,541,541,0,100.0,8.997023166087375,441.00924214417745,481.0,548.0,554.6
10,10,2,read,35221,35221,0,100.0,590.9167169988591,6.439368558530422,6.0,9.0,13.0
10,10,3,write,529,529,0,100.0,8.760889006657614,432.51984877126654,473.0,551.0,561.0
10,10,3,read,34434,34434,0,100.0,577.6450655080439,6.629900679560899,6.0,10.0,14.0
10,10,4,write,508,508,0,100.0,8.46469157196654,456.3917322834646,512.0,554.0,566.6500000000001
10,10,4,read,35085,35085,0,100.0,588.6448668691173,6.4768134530426105,6.0,9.0,13.0
10,10,5,write,529,529,0,100.0,8.735138705416116,434.7296786389414,478.0,552.6,557.0
10,10,5,read,34940,34940,0,100.0,586.2022683041407,6.509215798511734,6.0,9.0,14.0
10,100,1,write,6888,6888,0,100.0,114.6089850249584,239.72067363530778,235.0,359.0,416.0
10,100,1,read,37303,37303,0,100.0,625.8577588376423,7.858429616920891,7.0,12.0,19.0
10,100,2,write,5970,5970,0,100.0,99.31791715188821,278.1304857621441,270.0,411.5500000000002,493.3100000000004
10,100,2,read,37886,37886,0,100.0,635.5964903450937,8.038193527952277,8.0,12.0,18.0
10,100,3,write,6722,6722,0,100.0,111.68710331306283,248.90925319845283,243.0,371.0,436.0
10,100,3,read,37559,37559,0,100.0,630.1528446554703,8.254878990388455,8.0,12.0,19.0
10,100,4,write,6765,6765,0,100.0,112.09239130434783,245.730229120473,240.0,365.0,410.0
10,100,4,read,38248,38248,0,100.0,641.4974087181122,7.943918636268563,8.0,12.0,18.0
10,100,5,write,7078,7078,0,100.0,117.61968858533992,235.60016953941792,232.0,342.14999999999964,403.0
10,100,5,read,39274,39274,0,100.0,658.8933999932892,7.797601466619137,8.0,12.0,18.0
10,200,1,write,6939,6939,0,100.0,115.30600375546287,486.6828073209396,498.0,696.1000000000004,766.2399999999998
10,200,1,read,38587,38587,0,100.0,647.4002986426857,7.81086894549978,8.0,12.0,18.0
10,200,2,write,6928,6928,0,100.0,115.09261566575297,485.4105080831409,500.5,704.0,767.0
10,200,2,read,38476,38476,0,100.0,645.1591267312788,7.857885435076411,8.0,12.0,18.0
10,200,3,write,6669,6669,0,100.0,111.07224942540222,513.755885440096,533.0,722.0,781.0
10,200,3,read,39404,39404,0,100.0,661.0632979348063,7.858263120495381,8.0,12.0,17.0
10,200,4,write,6757,6757,0,100.0,112.16985673732964,497.85614917862955,507.0,713.1999999999998,775.4399999999996
10,200,4,read,38533,38533,0,100.0,646.5051508338647,7.883113175719513,8.0,12.0,18.0
10,200,5,write,6878,6878,0,100.0,114.83045895453863,484.68857225937774,498.5,701.0,756.2299999999996
10,200,5,read,38619,38619,0,100.0,647.6438034546369,7.814806183484813,8.0,12.0,18.0
10,50,1,write,6662,6662,0,100.0,110.81170991350632,161.84914440108076,157.0,237.0,260.0
10,50,1,read,38182,38182,0,100.0,640.5945909670492,7.781546278351056,7.0,12.0,17.0
10,50,2,write,6694,6694,0,100.0,112.08975217682519,160.22960860472065,157.0,233.0,258.0
10,50,2,read,39551,39551,0,100.0,663.5405831627688,7.702889939571692,8.0,11.0,17.0
10,50,3,write,6300,6300,0,100.0,104.80087833117078,165.20285714285714,163.0,241.0,280.0
10,50,3,read,38414,38414,0,100.0,644.4761345524705,7.75053365960327,7.0,12.0,17.0
10,50,4,write,6813,6813,0,100.0,113.25177033810964,161.30794070159988,157.0,232.0,256.0
10,50,4,read,39639,39639,0,100.0,665.0392591101269,7.672796992860567,7.0,11.0,17.0
10,50,5,write,6486,6486,0,100.0,107.82325364896765,166.3504471168671,162.0,240.0,266.0
10,50,5,read,37713,37713,0,100.0,632.7259915441916,7.8290244743192,7.0,12.0,18.0
100,10,1,write,550,550,0,100.0,9.140160202080633,416.3363636363636,462.0,527.0,529.51
100,10,1,read,70390,70390,0,100.0,1180.9411962083718,3.4156414263389685,3.0,5.0,8.0
100,10,2,write,534,534,0,100.0,8.828489237178852,435.49812734082394,489.5,530.0,538.67
100,10,2,read,66018,66018,0,100.0,1107.6473943827389,3.640704050410494,3.0,6.0,8.0
100,10,3,write,518,518,0,100.0,8.57899966876449,452.2857142857143,509.0,537.0,555.8299999999999
100,10,3,read,69363,69363,0,100.0,1163.7306221058989,3.4731052578464023,3.0,5.0,8.0
100,10,4,write,518,518,0,100.0,8.572752548656164,457.9131274131274,515.5,533.0,547.8299999999999
100,10,4,read,67890,67890,0,100.0,1138.9028686462002,3.5424362940050083,3.0,5.0,8.0
100,10,5,write,526,526,0,100.0,8.726379879556049,443.15019011406844,497.0,534.0,540.75
100,10,5,read,68654,68654,0,100.0,1151.8740981846247,3.495236985463338,3.0,5.0,8.0
100,100,1,write,4765,4765,0,100.0,78.6965928421609,456.97712486883523,475.0,560.8000000000002,575.0
100,100,1,read,73961,73961,0,100.0,1240.9147344048858,4.012668838982707,4.0,7.0,10.0
100,100,2,write,4323,4323,0,100.0,71.80108955620516,440.54545454545456,460.0,564.0,574.0
100,100,2,read,74494,74494,0,100.0,1249.8573873359956,4.111874781861626,4.0,7.0,11.0
100,100,3,write,4016,4016,0,100.0,66.4317734438324,409.0928784860558,468.0,567.0,589.0
100,100,3,read,71667,71667,0,100.0,1202.3655733579399,4.265296440481672,4.0,8.0,12.0
100,100,4,write,4046,4046,0,100.0,67.14126881399247,435.3732081067721,463.0,561.0,574.0
100,100,4,read,72140,72140,0,100.0,1210.341761320739,4.075783199334627,4.0,7.0,10.0
100,100,5,write,4829,4829,0,100.0,79.75622243876659,467.9372540898737,482.0,562.0,572.0
100,100,5,read,68675,68675,0,100.0,1152.2264353545183,4.271277757553695,4.0,7.0,11.0
100,200,1,write,9628,9628,0,100.0,160.56300446934827,325.0601371001246,295.0,614.0,654.0
100,200,1,read,74770,74770,0,100.0,1254.40391906855,4.179430252775177,4.0,7.0,11.0
100,200,2,write,11527,11527,0,100.0,193.08531131174726,272.4877244729765,263.0,495.0,610.0
100,200,2,read,74294,74294,0,100.0,1246.5227093505143,4.1645758742294126,4.0,7.0,11.0
100,200,3,write,9112,9112,0,100.0,152.4383103304057,356.7259657594381,321.0,631.0,663.0
100,200,3,read,72950,72950,0,100.0,1223.9522163685783,4.301357093899932,4.0,8.0,12.0
100,200,4,write,8839,8839,0,100.0,147.70809311341722,359.9906097974884,327.0,633.0,666.0
100,200,4,read,70765,70765,0,100.0,1187.3122934178957,4.34987635130361,4.0,8.0,12.0
100,200,5,write,8660,8660,0,100.0,143.19019825063245,388.9540415704388,374.0,640.0,677.0
100,200,5,read,73601,73601,0,100.0,1234.9161073825503,4.19173652531895,4.0,7.0,11.0
100,50,1,write,1665,1665,0,100.0,27.798647633358375,469.9069069069069,506.0,551.0,569.0
100,50,1,read,66078,66078,0,100.0,1108.616871350916,4.522216168770242,4.0,8.0,12.0
100,50,2,write,1802,1802,0,100.0,29.869548641615143,455.0660377358491,507.0,550.0,561.0
100,50,2,read,73140,73140,0,100.0,1227.057678757172,4.055742411812961,4.0,7.0,11.0
100,50,3,write,1692,1692,0,100.0,28.028094354624965,465.79609929078015,505.0,547.0,565.0899999999999
100,50,3,read,76783,76783,0,100.0,1288.1972988843218,3.9180808251826575,3.0,7.0,10.0
100,50,4,write,1726,1726,0,100.0,28.387690991924472,453.175550405562,499.0,545.0,554.75
100,50,4,read,68184,68184,0,100.0,1143.9308782820233,4.266147483280535,4.0,7.0,11.0
100,50,5,write,1725,1725,0,100.0,28.759107050566012,452.15072463768115,500.0,550.0,558.76
100,50,5,read,69089,69089,0,100.0,1159.0169434658615,4.23466832636165,4.0,7.0,11.0
250,10,1,write,508,508,0,100.0,8.476273109524127,463.0314960629921,519.0,548.0,554.9300000000001
250,10,1,read,38876,38876,0,100.0,652.2052779036019,6.08910381726515,6.0,9.0,12.0
250,10,2,write,510,510,0,100.0,8.426548584835517,459.8588235294118,511.0,548.0,557.82
250,10,2,read,38356,38356,0,100.0,643.5030618236725,6.116878715194494,6.0,9.0,12.0
250,10,3,write,526,526,0,100.0,8.70471808959571,435.29277566539923,490.5,545.0,550.0
250,10,3,read,38661,38661,0,100.0,648.6527297741687,6.099816352396472,6.0,9.0,12.0
250,10,4,write,517,517,0,100.0,8.503848937430094,450.5512572533849,500.0,548.0,555.0
250,10,4,read,38664,38664,0,100.0,648.6704135559098,6.092877094972067,6.0,9.0,12.0
250,10,5,write,526,526,0,100.0,8.742624449430732,429.9828897338403,480.5,548.0,552.0
250,10,5,read,37888,37888,0,100.0,635.5873915888008,6.1462996199324325,6.0,9.0,13.0
250,100,1,write,4588,4588,0,100.0,75.88990340082043,465.2506538796861,472.0,588.0,598.0
250,100,1,read,42189,42189,0,100.0,707.8453743162981,6.9163526037592735,6.0,11.0,15.0
250,100,2,write,4542,4542,0,100.0,75.6558674106771,468.11272567151036,480.0,594.0,603.0
250,100,2,read,42276,42276,0,100.0,709.2812562915241,6.902758066042199,6.0,11.0,16.0
250,100,3,write,4484,4484,0,100.0,74.13653423275962,472.6420606601249,480.0,596.0,607.0
250,100,3,read,41461,41461,0,100.0,695.6076773370914,7.031306529027279,6.0,11.0,16.0
250,100,4,write,4484,4484,0,100.0,74.13163159025906,473.3414362176628,481.0,597.0,607.0
250,100,4,read,42178,42178,0,100.0,707.6370713374941,7.159301057423301,7.0,11.0,18.0
250,100,5,write,4555,4555,0,100.0,75.25442770288132,471.90142700329307,479.0,594.0,603.0
250,100,5,read,42347,42347,0,100.0,710.484371592034,6.881998724821121,6.0,10.0,15.0
250,200,1,write,7737,7737,0,100.0,128.45118124616076,432.28732066692515,420.0,679.0,717.6400000000003
250,200,1,read,42664,42664,0,100.0,715.7908865176834,6.898556159759985,6.0,10.0,16.0
250,200,2,write,7862,7862,0,100.0,131.031149480842,428.3065377766472,414.0,676.0,709.0
250,200,2,read,42149,42149,0,100.0,707.1505268102812,6.911385798002325,6.0,10.0,16.0
250,200,3,write,7569,7569,0,100.0,125.4703688354745,435.63945038974765,424.0,680.0,724.0
250,200,3,read,42406,42406,0,100.0,711.4861917385323,7.158633212281281,7.0,11.0,18.0
250,200,4,write,7440,7440,0,100.0,123.07285118771918,432.07432795698924,427.0,673.0,716.6099999999997
250,200,4,read,42582,42582,0,100.0,714.3552148165545,6.925837208210042,7.0,11.0,15.0
250,200,5,write,7658,7658,0,100.0,128.0409302947717,438.3342909375816,428.0,682.0,722.0
250,200,5,read,42237,42237,0,100.0,708.3892392325238,6.924781589601534,6.0,11.0,16.0
250,50,1,write,1646,1646,0,100.0,27.20256490769968,466.778857837181,505.5,572.0,583.0
250,50,1,read,42441,42441,0,100.0,712.0495268773908,6.934143870314083,7.0,11.0,15.0
250,50,2,write,1644,1644,0,100.0,27.45628538503933,464.00304136253044,505.0,573.0,586.5699999999999
250,50,2,read,42078,42078,0,100.0,705.8764322021104,6.969794191739151,7.0,11.0,15.0
250,50,3,write,1611,1611,0,100.0,26.655856511739497,472.09186840471756,507.0,576.0,586.9000000000001
250,50,3,read,41338,41338,0,100.0,693.5324217766967,6.966084474333543,6.0,11.0,16.0
250,50,4,write,1668,1668,0,100.0,27.757900517548386,462.2098321342926,504.0,571.0,579.0
250,50,4,read,41264,41264,0,100.0,692.2793007415361,6.995565141527724,6.0,11.0,16.0
250,50,5,write,1609,1609,0,100.0,26.706723986256577,470.55935363579863,505.0,572.0,579.0
250,50,5,read,41865,41865,0,100.0,702.3386122668098,7.070369043353637,7.0,11.0,17.0
50,10,1,write,510,510,0,100.0,8.431145643908083,456.3,511.0,549.0,555.0
50,10,1,read,29173,29173,0,100.0,489.43059423547965,8.045178761183285,8.0,12.0,18.0
50,10,2,write,529,529,0,100.0,8.782998505728044,436.33459357277883,469.0,557.0,564.0
50,10,2,read,29139,29139,0,100.0,488.8437793584754,8.021243007652973,8.0,12.0,17.0
50,10,3,write,529,529,0,100.0,8.77833460555574,429.60491493383745,459.0,557.0,561.72
50,10,3,read,29507,29507,0,100.0,495.02575200899224,7.89273731656895,7.0,12.0,17.0
50,10,4,write,524,524,0,100.0,8.726061615320567,446.65458015267177,494.5,561.85,570.77
50,10,4,read,29873,29873,0,100.0,500.98106625970587,7.833495129381046,7.0,12.0,16.0
50,10,5,write,528,528,0,100.0,8.707554793278032,433.21590909090907,486.5,560.0,565.0
50,10,5,read,30693,30693,0,100.0,514.8709174173418,7.572475808816343,7.0,12.0,16.0
50,100,1,write,6670,6670,0,100.0,111.24082721814543,256.6977511244378,252.0,411.5500000000002,578.0
50,100,1,read,39252,39252,0,100.0,658.5464062814576,7.22480383165189,7.0,11.0,16.0
50,100,2,write,6326,6326,0,100.0,105.18614589049068,270.68716408472966,263.0,513.0,609.0
50,100,2,read,39754,39754,0,100.0,666.9686598214885,7.308019318810686,7.0,11.0,17.0
50,100,3,write,6188,6188,0,100.0,103.20213475650434,274.7920168067227,266.0,517.6499999999996,614.0
50,100,3,read,39848,39848,0,100.0,668.5233030231856,7.339038345713712,7.0,11.0,16.0
50,100,4,write,5994,5994,0,100.0,99.9566420971884,278.09492826159493,266.0,566.3500000000004,627.0
50,100,4,read,39842,39842,0,100.0,668.4338562201158,7.346092063651423,7.0,11.0,17.0
50,100,5,write,6297,6297,0,100.0,104.92027258943298,269.89757027155787,263.0,502.1999999999998,605.0
50,100,5,read,39877,39877,0,100.0,669.0435045215845,7.26408706773328,7.0,11.0,16.0
50,200,1,write,8099,8099,0,100.0,135.1906256259598,378.242128657859,372.0,561.1000000000004,638.0200000000004
50,200,1,read,39923,39923,0,100.0,669.8040399973156,7.325376349472735,7.0,11.0,17.0
50,200,2,write,8109,8109,0,100.0,134.99475603056484,378.7759279812554,373.0,560.0,625.9200000000001
50,200,2,read,39656,39656,0,100.0,665.3244748674585,7.296701634052854,7.0,11.0,16.0
50,200,3,write,8135,8135,0,100.0,134.60965681569976,382.95894283958205,377.0,568.0,613.0
50,200,3,read,39853,39853,0,100.0,668.6184044962671,7.367299826863724,7.0,11.0,17.0
50,200,4,write,8179,8179,0,100.0,135.97220375049872,378.8661205526348,372.0,560.0,614.2200000000003
50,200,4,read,40361,40361,0,100.0,677.1411794312558,7.27984935953024,7.0,11.0,16.0
50,200,5,write,8126,8126,0,100.0,135.18999134890532,381.3742308638937,373.0,562.0,618.0
50,200,5,read,39044,39044,0,100.0,655.0127499664475,7.375089642454666,7.0,11.0,17.0
50,50,1,write,1616,1616,0,100.0,26.663586714405927,463.407797029703,504.0,578.0,590.0
50,50,1,read,40015,40015,0,100.0,671.2236853140988,7.294689491440709,7.0,11.0,16.0
50,50,2,write,1726,1726,0,100.0,28.533170223669636,455.83024333719584,502.0,575.0,586.0
50,50,2,read,39922,39922,0,100.0,669.7086108268609,7.225189118781624,7.0,11.0,16.0
50,50,3,write,1767,1767,0,100.0,29.384863552458715,456.0271646859083,504.0,574.0,581.0
50,50,3,read,38960,38960,0,100.0,653.439109068648,7.533701232032854,7.0,11.0,17.0
50,50,4,write,1826,1826,0,100.0,30.101216577099336,453.4890470974808,504.5,573.0,579.0
50,50,4,read,40136,40136,0,100.0,673.2082054378637,7.247433725333865,7.0,11.0,16.0
50,50,5,write,1614,1614,0,100.0,26.53252453518765,469.7118959107807,506.0,577.3499999999999,594.8699999999999
50,50,5,read,38865,38865,0,100.0,652.0316746636245,7.2538273510870965,7.0,11.0,16.0
