block,clients,op,n_reps,tps_mean,tps_sd,lat_mean_mean,lat_mean_sd,lat_p50_mean,lat_p50_sd,lat_p95_mean,lat_p95_sd,lat_p99_mean,lat_p99_sd,success_pct_mean,success_pct_sd,total_failed_tx
10,10,read,5,585.4821056512556,5.090868225095408,6.516041025133959,0.07160075633045954,6.0,0.0,9.2,0.4472135954999579,13.6,0.5477225575051661,100.0,0.0,0
10,10,write,5,8.674348936550796,0.238243496715316,444.90554591212447,12.532145517379044,492.4,20.935615586841482,550.92,2.4762875438850025,559.2420000000001,4.736857608161791,100.0,0.0,0
10,50,read,5,649.2753118673214,14.355025419796625,7.747358268941157,0.062018320683879885,7.2,0.4472135954999579,11.6,0.5477225575051661,17.2,0.4472135954999579,100.0,0.0,0
10,50,write,5,109.75547288171592,3.4303815648620017,162.98799959342512,2.642913032426238,159.2,3.03315017762062,236.6,4.03732584763727,264.0,9.695359714832659,100.0,0.0,0
10,100,read,5,638.3995805099215,12.872028144476895,7.9786044476298645,0.17908493519181842,7.8,0.4472135954999579,12.0,0.0,18.4,0.5477225575051661,100.0,0.0,0
10,100,write,5,111.06521707591943,6.981408757139931,249.61816225115913,16.755861426946225,244.0,15.149257407543116,369.73999999999995,25.732698070742774,431.6620000000001,36.59011095911042,100.0,0.0,0
10,200,read,5,649.5543355194545,6.506950342780579,7.844987372055179,0.031109297667798266,8.0,0.0,12.0,0.0,17.8,0.4472135954999579,100.0,0.0,0
10,200,write,5,113.69423690769726,1.9392530342497865,493.67878445643674,12.436562683716328,507.4,14.753813066458447,707.26,10.330924450406044,769.1819999999998,9.486812952725582,100.0,0.0,0
50,10,read,5,497.830421855999,10.717836413173611,7.873026004720519,0.18966186865968707,7.4,0.5477225575051661,12.0,0.0,16.8,0.8366600265340756,100.0,0.0,0
50,10,write,5,8.685219032758093,0.14573231016303492,440.4219995500394,10.91558411377337,484.0,20.588224789913287,556.97,4.912178742676212,563.298,5.713302022473511,100.0,0.0,0
50,50,read,5,663.9222570622192,10.29931943473634,7.31096818373523,0.12701846004731274,7.0,0.0,11.0,0.0,16.2,0.4472135954999579,100.0,0.0,0
50,50,write,5,28.243072320564252,1.6016626201255417,459.6932296122137,6.727300000410555,504.1,1.4317821063276353,575.47,2.145809870421868,586.174,6.490868971100828,100.0,0.0,0
50,100,read,5,666.3031459735664,4.404216950387776,7.296408125512198,0.05145987482604355,7.0,0.0,11.0,0.0,16.4,0.5477225575051661,100.0,0.0,0
50,100,write,5,104.90120451035237,4.1112013677584365,270.0338861098086,8.153497083615388,262.0,5.787918451395113,502.15,56.320455875285674,606.6,18.008331405213532,100.0,0.0,0
50,200,read,5,667.1801697517488,8.057056469587152,7.328863362474844,0.042021242470061934,7.0,0.0,11.0,0.0,16.6,0.5477225575051661,100.0,0.0,0
50,200,write,5,135.19144671432568,0.4966767190612474,380.04347017904496,2.0315358399873333,373.4,2.073644135332772,562.22,3.337963450968239,621.8320000000001,10.360913087175412,100.0,0.0,0
100,10,read,5,1148.619235905567,27.643972352295638,3.513424802812842,0.08449811330894981,3.0,0.0,5.2,0.4472135954999579,8.0,0.0,100.0,0.0,0
100,10,write,5,8.769356307247238,0.23330660774482873,441.03670455801955,16.25271799323635,494.6,20.84886088015362,532.2,3.8340579025361627,542.5179999999999,9.90666038582122,100.0,0.0,0
100,50,read,5,1185.363934148059,71.78795673179737,4.199371043081609,0.22895814942869253,3.8,0.4472135954999579,7.2,0.4472135954999579,11.0,0.7071067811865476,100.0,0.0,0
100,50,write,5,28.568617734417792,0.8133974077358026,459.21906379535585,8.081158398965428,503.4,3.646916505762094,548.6,2.5099800796022267,561.72,5.527571799624124,100.0,0.0,0
100,100,read,5,1211.1411783548158,38.51625219043161,4.147380203642865,0.11596202023258745,4.0,0.0,7.2,0.4472135954999579,10.8,0.8366600265340756,100.0,0.0,0
100,100,write,5,72.7653894189915,6.259517123611234,441.9851840193983,22.505349592385404,469.6,8.96102672688794,562.96,2.58998069490871,576.8,6.906518659932803,100.0,0.0,0
100,200,read,5,1229.4214491176178,26.21956176434627,4.237395219505416,0.08290120197551322,4.0,0.0,7.4,0.5477225575051661,11.4,0.5477225575051661,100.0,0.0,0
100,200,write,5,159.3969834951102,19.89959933342001,340.6436957400933,44.31398121929558,316.0,41.10960958218893,602.6,60.90402285563738,654.0,25.93260495977988,100.0,0.0,0
250,10,read,5,645.7237749292308,6.460440588846272,6.108995119952123,0.02341730780005241,6.0,0.0,9.0,0.0,12.2,0.4472135954999579,100.0,0.0,0
250,10,write,5,8.570802634163236,0.14290201598269855,447.74344844900565,14.653047482585887,500.2,15.429679193035739,547.4,1.3416407864998738,553.95,3.0184764368800576,100.0,0.0,0
250,50,read,5,701.2152587729088,8.355344942280539,6.9871913442536275,0.05135865426868517,6.6,0.5477225575051661,11.0,0.0,15.8,0.8366600265340756,100.0,0.0,0
250,50,write,5,27.155866261656694,0.47608197615199493,467.12859067490405,4.197910714266326,505.3,1.0954451150103321,572.8,1.9235384061671346,582.894,3.8697131676650227,100.0,0.0,0
250,100,read,5,706.1711501748883,6.016966610668259,6.978343396214634,0.11660731621545471,6.2,0.4472135954999579,10.8,0.4472135954999579,16.0,1.224744871391589,100.0,0.0,0
250,100,write,5,75.0136728674795,0.8344947077243794,470.24966068645546,3.448461462995126,478.4,3.646916505762094,593.8,3.492849839314596,603.6,3.714835124201342,100.0,0.0,0
250,200,read,5,711.434411823115,3.7127277694509906,6.963838793571033,0.10946185437626813,6.4,0.5477225575051661,10.6,0.5477225575051661,16.2,1.0954451150103321,100.0,0.0,0
250,200,write,5,127.21329620899363,3.0403298321936205,433.32838554557816,3.816920913479366,422.6,5.727128425310541,678.0,3.5355339059327378,717.85,5.808381874498282,100.0,0.0,0
