block,clients,op,container,cpu_pct_mean,cpu_pct_max,mem_mib_mean,samples
50,100,read,HOST,17.862745098039216,24.0,0.0,51
50,100,read,chaincode,4.9096078431372545,11.82,8.700882352941177,102
50,100,read,orderer,0.04686274509803921,0.16,50.58960784313726,51
50,100,read,peer0.org1,22.196470588235293,26.82,97.4043137254902,51
50,100,read,peer0.org2,0.9380392156862745,1.23,94.56862745098039,51
50,100,write,HOST,54.98039215686274,69.0,0.0,51
50,100,write,chaincode,11.795392156862745,13.5,8.537813725490196,102
50,100,write,orderer,11.849411764705883,15.01,48.39529411764706,51
50,100,write,peer0.org1,37.143725490196076,42.28,101.3886274509804,51
50,100,write,peer0.org2,36.13411764705882,41.08,99.02470588235295,51
50,200,read,HOST,33.05882352941177,37.0,0.0,51
50,200,read,chaincode,9.573627450980393,21.61,8.610254901960785,102
50,200,read,orderer,0.04470588235294118,0.09,49.590784313725486,51
50,200,read,peer0.org1,43.09156862745098,47.97,119.43137254901961,51
50,200,read,peer0.org2,1.0088235294117647,1.34,119.06666666666666,51
50,200,write,HOST,98.72916666666667,99.0,0.0,48
50,200,write,chaincode,18.913854166666667,20.71,8.71053125,96
50,200,write,orderer,21.394791666666666,24.73,57.848124999999996,48
50,200,write,peer0.org1,65.605,70.17,129.17708333333334,48
50,200,write,peer0.org2,62.640625,68.33,128.825,48
50,300,read,HOST,49.745098039215684,55.0,0.0,51
50,300,read,chaincode,13.132254901960785,30.59,8.686441176470588,102
50,300,read,orderer,0.041176470588235294,0.07,45.17,51
50,300,read,peer0.org1,61.68627450980392,67.75,139.64901960784314,51
50,300,read,peer0.org2,1.0754901960784313,1.47,132.76666666666665,51
50,300,write,HOST,98.875,99.0,0.0,48
50,300,write,chaincode,19.115520833333335,22.42,8.756833333333333,96
50,300,write,orderer,21.682083333333335,23.72,65.00520833333333,48
50,300,write,peer0.org1,66.04875,77.68,149.09583333333333,48
50,300,write,peer0.org2,63.19083333333333,74.02,145.64166666666668,48
50,400,read,HOST,63.529411764705884,69.0,0.0,51
50,400,read,chaincode,15.672843137254903,35.68,8.692235294117646,102
50,400,read,orderer,0.04450980392156863,0.09,56.93666666666667,51
50,400,read,peer0.org1,75.36980392156863,82.11,160.38823529411764,51
50,400,read,peer0.org2,1.0594117647058823,1.37,156.83333333333334,51
50,400,write,HOST,98.89583333333333,99.0,0.0,48
50,400,write,chaincode,18.890833333333333,21.05,8.77903125,96
50,400,write,orderer,21.7625,23.41,70.195625,48
50,400,write,peer0.org1,65.92145833333333,75.85,171.025,48
50,400,write,peer0.org2,63.208125,71.7,166.76458333333332,48
50,500,read,HOST,79.80392156862744,87.0,0.0,51
50,500,read,chaincode,17.737549019607844,39.05,8.715941176470588,102
50,500,read,orderer,0.04647058823529412,0.11,63.656666666666666,51
50,500,read,peer0.org1,88.15901960784313,94.69,167.2980392156863,51
50,500,read,peer0.org2,1.1231372549019607,1.51,158.66666666666666,51
50,500,write,HOST,98.875,99.0,0.0,48
50,500,write,chaincode,18.978645833333335,21.42,8.814708333333334,96
50,500,write,orderer,21.7975,24.3,76.63854166666667,48
50,500,write,peer0.org1,66.7075,90.19,177.5375,48
50,500,write,peer0.org2,63.50770833333333,86.03,172.80208333333334,48
50,600,read,HOST,91.88235294117646,98.0,0.0,51
50,600,read,chaincode,18.997941176470587,40.45,8.807019607843138,102
50,600,read,orderer,0.04627450980392157,0.09,79.07000000000001,51
50,600,read,peer0.org1,94.64137254901961,103.13,180.87843137254902,51
50,600,read,peer0.org2,1.1001960784313725,1.31,172.2,51
50,600,write,HOST,98.89583333333333,99.0,0.0,48
50,600,write,chaincode,18.760208333333335,20.76,8.77596875,96
50,600,write,orderer,21.468541666666667,23.48,82.064375,48
50,600,write,peer0.org1,66.53520833333333,77.85,189.83958333333334,48
50,600,write,peer0.org2,63.26770833333333,68.34,185.3125,48
